Frage;Typ;Antwort 1;Korrekt 1;Antwort 2;Korrekt 2;Antwort 3;Korrekt 3;Antwort 4;Korrekt 4;Erläuterung
Was beschreibt den 'Beobachter-Effekt' (bzw. die Ursache für einen 'Heisenbug') beim Software-Debugging von Echtzeitsystemen?;Multiple Choice;Der Compiler optimiert Variablen weg, sobald er erkennt, dass sie von einem Debugger überwacht werden.;incorrect;Das Betriebssystem löst absichtlich einen Hardware-Reset aus, sobald ein Breakpoint erreicht wird, um die Sicherheit zu gewährleisten.;incorrect;Der Cache der CPU schaltet sich automatisch ab, wenn ein JTAG-Kabel angeschlossen wird, was die Performance einbrechen lässt.;incorrect;Jeder Versuch, das System per Software zu messen (z.B. durch Einfügen von printf-Befehlen), verändert das Timing massiv (z.B. durch hunderte Mikrosekunden UART-Latenz). Dadurch können knappe Race Conditions zufällig verschwinden oder erst recht auftreten.;correct;Wie in der Physik (Reifendruck messen) verändert die Messung den Zustand. Ein 'printf' dauert bei 115200 Baud oft über 400 µs. Eine subtile Race-Condition, die nur bei einem Timing-Abstand von 2 µs auftritt, verschwindet sofort (Heisenbug). Der Entwickler sucht einen Fehler, den er durch das Suchen selbst eliminiert hat.
Warum sind klassische 'Breakpoints' (das Anhalten der CPU an einer Codezeile) für das Debugging von harten Echtzeitsystemen (z.B. Motorsteuerung) meist ungeeignet?;Multiple Choice;Ein Breakpoint löscht zwingend den gesamten L1-Cache, was das Echtzeit-Timing der darauf folgenden Befehle unwiderruflich verfälscht.;incorrect;Breakpoints können nur im Machine-Mode (M-Mode) gesetzt werden, FreeRTOS-Tasks laufen aber immer im User-Mode.;incorrect;Wenn die CPU anhält, stoppt die physikalische Außenwelt nicht. Motor-Encoder, UART-Puffer und Hardware-Timer laufen weiter. Beim Fortsetzen (Resume) fluten dutzende aufgestaute Interrupts gleichzeitig das OS, was zu Stack Overflows oder völlig zerstörtem Timing führt.;correct;Die ARM Cortex-M Architektur unterstützt hardwareseitig maximal zwei Breakpoints, was für komplexe FreeRTOS-Projekte nicht ausreicht.;incorrect;Die CPU steht still, aber die Anlage dreht sich weiter. Sensoren schicken munter Signale an die CPU. Sobald der Entwickler auf 'Play' klickt, wird das Betriebssystem von den anstehenden Hardware-Events erschlagen. Harte Echtzeit darf niemals eingefroren werden!
Was ist das Konzept hinter 'Non-Intrusive Observation' (Rückwirkungsfreier Beobachtung) in modernen Mikrocontrollern?;Multiple Choice;Das Betriebssystem reserviert einen dedizierten Software-Task mit der höchsten Priorität, der alle anderen Tasks überwacht und Fehler über das Netzwerk meldet.;incorrect;Die CPU verwendet einen speziellen Quarz-Oszillator, der die Taktfrequenz beim Debugging automatisch halbiert, um Messfehler zu minimieren.;incorrect;Der Compiler fügt unsichtbare 'NOP'-Befehle in den Assembler-Code ein, die bei Bedarf als Breakpoints umfunktioniert werden können.;incorrect;Die CPU verfügt über ein komplett separates Hardware-Netzwerk aus Logikgattern (z.B. ARM CoreSight), das passiv auf den internen Bussen mithört und Daten nach außen funkt, ohne die Ausführungszeit der CPU auch nur um einen einzigen Taktzyklus zu verlängern oder den C-Code zu verändern.;correct;Anstatt den Sourcecode mit Software-Countern oder printf zu versehen (intrusiv), übernimmt parallel laufende Silizium-Hardware (CoreSight) die Spionage. Das Programm verhält sich zeitlich zu 100% identisch, egal ob der Hardware-Tracer angeschlossen ist oder nicht.
Welche Funktion erfüllt das DWT-Modul (Data Watchpoint & Trace) im ARM CoreSight-Netzwerk?;Multiple Choice;Es protokolliert lückenlos jeden einzelnen Assembler-Sprungbefehl, um den Programmablauf (Instruction Trace) zu filmen.;incorrect;Es beobachtet den Speicherbus der CPU. Wenn eine bestimmte, vorkonfigurierte C-Variable (RAM-Adresse) gelesen oder geschrieben wird, greift das Modul den neuen Wert ab und sendet sofort ein asynchrones Hardware-Paket nach außen – ohne CPU-Overhead.;correct;Es überwacht die Versorgungsspannung der CPU und löst bei Unterspannung einen automatischen NMI (Non-Maskable Interrupt) aus.;incorrect;Es ersetzt die printf-Funktion, indem es Strings in einzelne Zeichen zerlegt und über den I2C-Bus an ein externes Display sendet.;incorrect;Das DWT ist der RAM-Spion. Man gibt dem externen Tool am PC die Adresse einer Variable (z.B. ein State-Flag). Ohne dass die CPU-Pipeline gestört wird, funkt das DWT jeden Lese-/Schreibzugriff auf genau dieses Byte an die Trace-Box.
Wie schafft es das ETM-Modul (Embedded Trace Macrocell), den kompletten Ausführungspfad der CPU zu protokollieren, ohne dass die immense Bandbreite (z.B. 1,6 GB/s bei 400 MHz) die externen Pins überlastet?;Multiple Choice;Das ETM nutzt einen speziellen Glasfaser-Port (Optical Trace), der in jedem STM32-Chip verbaut ist und bis zu 10 GB/s übertragen kann.;incorrect;Das ETM sendet nicht jeden ausgeführten Befehl nach draußen. Es sendet nur hochkomprimierte 1-Bit-Pakete an sogenannten 'Kreuzungen' (Sprünge, If-Bedingungen, Interrupts), die aussagen, ob der Sprung genommen wurde oder nicht. Die externe Software rekonstruiert den linearen Rest anhand der .elf-Datei.;correct;Das ETM protokolliert nur jeden hundertsten Befehl und interpoliert die Zwischenschritte mathematisch über ein neuronales Netz in der Trace-Box.;incorrect;Das ETM speichert die Daten intern in einem riesigen 1-Gigabyte-SRAM-Puffer auf dem Mikrocontroller und sendet sie erst, wenn die CPU in den Sleep-Modus geht.;incorrect;Da eine CPU die meiste Zeit linear Code abarbeitet (stur Zeile für Zeile), wäre es Verschwendung, jeden Schritt zu melden. Spannend sind nur Verzweigungen. Die Box am PC weiß aus der Binary (.elf), was zwischen Verzweigung A und B steht, und füllt die Lücken auf dem Bildschirm vollautomatisch auf.
[Schwer] Was ist der entscheidende Unterschied zwischen der 'Netto-Rechenzeit' (gemessene WCET) und der 'Brutto-Antwortzeit' (Response Time R_i) einer Task in der Hardware-Trace-Analyse?;Multiple Choice;Die Netto-Rechenzeit enthält den Overhead für den Context-Switch (PendSV), während die Brutto-Antwortzeit nur die reine C-Ausführung betrachtet.;incorrect;Die Netto-Rechenzeit misst die Latenz ab dem Eintreffen des Hardware-Interrupts, die Brutto-Antwortzeit beginnt erst mit dem Start der Bottom-Half.;incorrect;Die Netto-Rechenzeit misst ausschließlich die reine CPU-Zeit, die die Task selbst rechnet. Die Brutto-Antwortzeit misst die gesamte Zeit vom Aufwecken bis zum Einschlafen der Task, inklusive aller Wartezeiten durch Präemptionen (Unterbrechungen durch höherpriore Tasks oder Interrupts).;correct;Die Brutto-Antwortzeit ist immer kürzer als die Netto-Rechenzeit, da der L1-Cache Zugriffe beschleunigt.;incorrect;Ein klassischer Fehler in der Timing-Analyse. Wenn Task A 2 ms rechnet, dann 3 ms präemptiert wird, und dann nochmal 1 ms rechnet, ist die Netto-WCET 3 ms. Die Brutto-Antwortzeit R ist aber 6 ms. Nur R darf mit der Deadline D verglichen werden. Ein guter Tracer trennt diese Zeiten sauber auf.
[Schwer] Welche essenzielle Rolle spielt die '.elf'-Datei (Executable and Linkable Format) für die externe Trace-Software (z.B. winIDEA) am PC?;Multiple Choice;Sie enthält das Betriebssystem FreeRTOS im komprimierten Format, welches die Trace-Box benötigt, um die Taktfrequenz der CPU zu synchronisieren.;incorrect;Sie enthält die DWARF-Debug-Symbole – ein gigantisches Wörterbuch, das die von der Hardware (ETM/DWT) gesendeten nackten Hex-Speicheradressen wieder exakt in die lesbaren C-Code-Zeilen, Funktions- und Variablennamen des ursprünglichen Quelltextes übersetzt.;correct;Sie konfiguriert den FPGA-Chip in der BlueBox, damit dieser die richtige Baudrate für den JTAG-Stecker einstellt.;incorrect;Sie deaktiviert die Compiler-Optimierungen (-O3) nachträglich, um den Assembler-Code wieder in eine lineare Form zu bringen, die das ETM verstehen kann.;incorrect;Ohne das -g Flag des GCC und die .elf-Datei sähe der Entwickler in der Analyse-Software nur: 'Sprung von 0x08001004 nach 0x08001020'. Erst die Debug-Symbole in der .elf verknüpfen diese Hardware-Adressen mit 'main.c, Zeile 42'.
[Schwer] Wie löst eine externe Hardware-Trace-Lösung das Problem der 'OS-Awareness' (Betriebssystem-Bewusstsein), um ein Task-Gantt-Chart (welche FreeRTOS-Task läuft gerade) zu zeichnen, obwohl die Hardware selbst das Konzept von 'Tasks' nicht kennt?;Multiple Choice;Das ETM-Modul besitzt einen eingebauten OSEK/ORTI-Decoder, der die FreeRTOS-Sourcecode-Dateien in Echtzeit parst.;incorrect;FreeRTOS sendet bei jedem Context-Switch automatisch ein spezielles UART-Paket über den printf-Kanal, das die Trace-Box auffängt und interpretiert.;incorrect;Die Trace-Software sucht in der .elf-Datei nach der Speicheradresse einer zentralen FreeRTOS-Variable (z.B. 'pxCurrentTCB'). Anschließend programmiert sie das DWT-Modul im Chip so, dass jeder Schreibzugriff auf genau diesen Pointer einen Trace-Event auslöst, den der PC dann einem Task-Wechsel zuordnet.;correct;Der Compiler fügt vor jeder Task automatisch einen 'NOP'-Befehl mit der Task-ID ein, den der Hardware-Tracer anhand der Befehlslänge identifiziert.;incorrect;Die Hardware filmt einfach nur Assembler-Befehle. Aber: Der FreeRTOS-Scheduler überschreibt bei JEDEM Task-Wechsel den Pointer 'pxCurrentTCB', damit das OS weiß, wer dran ist. Lässt man das DWT genau diese Speicheradresse beobachten, hat man einen 100% präzisen Log aller Task-Wechsel im System.
[Schwer] Warum ist das ITM (Instrumentation Trace Macrocell) eine drastisch bessere Alternative zur klassischen Textausgabe via UART (printf), wenn es um Echtzeit-Debugging geht?;Multiple Choice;Ein Schreibzugriff in das spezielle ITM-Hardware-Register dauert typischerweise nur wenige Taktzyklen (Nanosekunden), und die CPU kann sofort im Code weiterrechnen. Die CoreSight-Hardware verpackt das Byte unsichtbar im Hintergrund und schickt es asynchron nach draußen.;correct;Das ITM erfordert keine physikalischen Kabelverbindungen, da es die Daten per Bluetooth-Low-Energy an den PC streamt.;incorrect;Das ITM umgeht die AXI-Bus-Matrix komplett und sendet Daten über die ungenutzten Leitungen der USB-Schnittstelle.;incorrect;Das ITM nutzt einen speziellen C-Compiler, der Text-Strings in komprimierte 4-Bit-Ganzzahlen umwandelt und so den Speicherbedarf minimiert.;incorrect;UART blockiert (bei Polling) die CPU für dutzende bis hunderte Mikrosekunden pro Buchstabe. Das ITM ist wie ein schwarzes Loch für Daten: Man wirft das Byte in 1 Takt hinein und die dedizierte CoreSight-Trace-Hardware kümmert sich um den extrem schnellen, asynchronen Abtransport zum PC.
[Schwer] Ein Entwickler analysiert in winIDEA mit Hilfe des Hardware-Tracers das 'Ping-Pong'-Problem aus dem Dual-Core-Labor. Er sieht auf der Timeline, dass der Cortex-M7 Code ausführt und Variablen beschreibt, der Cortex-M4 jedoch ewig in einem 'osDelay()' blockiert. Die DWT-Kurve der Variable 'm7_ready' im SRAM4 bleibt eine völlig flache Nulllinie. Welchen Hardware-Fehler beweist diese Aufzeichnung visuell?;Multiple Choice;Einen Deadlock im Hardware-Tracer: Das DWT hat die Bus-Matrix blockiert, weshalb der M4 keinen RAM-Zugriff mehr erhält.;incorrect;Einen Cache Coherency Failure: Der C-Code des M7 setzt das Flag zwar auf 1, aber aufgrund des Write-Back-Mechanismus verbleibt der Wert ausschließlich im L1-Cache des M7. Auf dem echten physikalischen Speicherbus (SRAM4) – den das DWT überwacht und der M4 liest – kommt die Änderung niemals an.;correct;Einen Stack Overflow: Die Variable 'm7_ready' wurde versehentlich auf dem Stack des M7 angelegt und durch den SysTick-Interrupt überschrieben.;incorrect;Einen Priority Inversion Bug: Eine mittelpriore Task auf dem M4 verhindert, dass die M4-Task den Mutex für das Flag sperren kann.;incorrect;Das ist der visuelle Beweis für das Cache-Kohärenz-Problem: Die CPU glaubt, sie habe geschrieben (und der Code ist korrekt ausgeführt), aber auf der physikalischen Leitung zum Speicher (die das DWT abhört) passierte nichts. Die MPU-Konfiguration (Non-Cacheable) fehlte.
